-- MySQL dump 10.13  Distrib 5.7.15, for Win64 (x86_64)
--
-- Host: localhost    Database: se
-- ------------------------------------------------------
-- Server version	5.7.15

/*!40101 SET @OLD_CHARACTER_SET_CLIENT=@@CHARACTER_SET_CLIENT */;
/*!40101 SET @OLD_CHARACTER_SET_RESULTS=@@CHARACTER_SET_RESULTS */;
/*!40101 SET @OLD_COLLATION_CONNECTION=@@COLLATION_CONNECTION */;
/*!40101 SET NAMES utf8 */;
/*!40103 SET @OLD_TIME_ZONE=@@TIME_ZONE */;
/*!40103 SET TIME_ZONE='+00:00' */;
/*!40014 SET @OLD_UNIQUE_CHECKS=@@UNIQUE_CHECKS, UNIQUE_CHECKS=0 */;
/*!40014 SET @OLD_FOREIGN_KEY_CHECKS=@@FOREIGN_KEY_CHECKS, FOREIGN_KEY_CHECKS=0 */;
/*!40101 SET @OLD_SQL_MODE=@@SQL_MODE, SQL_MODE='NO_AUTO_VALUE_ON_ZERO' */;
/*!40111 SET @OLD_SQL_NOTES=@@SQL_NOTES, SQL_NOTES=0 */;

--
-- Table structure for table `channel`
--

DROP TABLE IF EXISTS `channel`;
/*!40101 SET @saved_cs_client     = @@character_set_client */;
/*!40101 SET character_set_client = utf8 */;
CREATE TABLE `channel` (
  `id` int(11) NOT NULL AUTO_INCREMENT,
  `channel_name` varchar(255) DEFAULT NULL,
  `click_time` int(11) DEFAULT NULL,
  `type` varchar(255) DEFAULT NULL,
  PRIMARY KEY (`id`)
) ENGINE=MyISAM AUTO_INCREMENT=43 DEFAULT CHARSET=utf8;
/*!40101 SET character_set_client = @saved_cs_client */;

--
-- Dumping data for table `channel`
--

LOCK TABLES `channel` WRITE;
/*!40000 ALTER TABLE `channel` DISABLE KEYS */;
INSERT INTO `channel` VALUES (1,'cctv1',2,'中央'),(2,'cctv2',1,'中央'),(3,'cctv3',1,'中央'),(4,'cctv4',1,'中央'),(5,'cctv7',0,'中央'),(6,'cctv8',1,'中央'),(7,'cctv9',0,'中央'),(8,'cctv10',0,'中央'),(9,'cctv11',0,'中央'),(10,'cctv12',0,'中央'),(11,'cctv13',0,'中央'),(12,'cctv14',0,'中央'),(13,'广东卫视',2,'地方卫视'),(14,'湖南卫视',1,'地方卫视'),(15,'东方卫视',0,'地方卫视'),(16,'江苏卫视',0,'地方卫视'),(17,'浙江卫视',0,'地方卫视'),(18,'辽宁卫视',0,'地方卫视'),(19,'广西卫视',1,'地方卫视'),(20,'北京卫视',0,'地方卫视'),(21,'山东卫视',0,'地方卫视'),(22,'四川卫视',0,'地方卫视'),(23,'河南卫视',0,'地方卫视'),(24,'深圳卫视',0,'地方卫视'),(25,'天津卫视',0,'地方卫视'),(26,'云南卫视',0,'地方卫视'),(27,'广东体育',0,'体育'),(28,'广州竞赛',0,'体育'),(29,'cctv5',0,'体育'),(30,'北京体育',0,'体育'),(31,'风云足球',0,'体育'),(32,'欧洲足球',1,'体育'),(33,'五星体育',0,'体育'),(34,'南方影视',0,'影视'),(35,'江苏影视',0,'影视'),(36,'cctv6',1,'影视'),(37,'南方影视',0,'影视'),(38,'东方电影',1,'影视'),(39,'翡翠台',1,'港台'),(40,'华娱卫视',0,'港台'),(41,'凤凰卫视',1,'港台'),(42,'星空卫视',0,'港台');
/*!40000 ALTER TABLE `channel` ENABLE KEYS */;
UNLOCK TABLES;

--
-- Table structure for table `history`
--

DROP TABLE IF EXISTS `history`;
/*!40101 SET @saved_cs_client     = @@character_set_client */;
/*!40101 SET character_set_client = utf8 */;
CREATE TABLE `history` (
  `channel_id` int(11) NOT NULL,
  `user_id` int(11) NOT NULL,
  `last_time` bigint(20) DEFAULT NULL,
  `start_time` bigint(20) DEFAULT NULL,
  PRIMARY KEY (`channel_id`,`user_id`)
) ENGINE=MyISAM DEFAULT CHARSET=utf8;
/*!40101 SET character_set_client = @saved_cs_client */;

--
-- Dumping data for table `history`
--

LOCK TABLES `history` WRITE;
/*!40000 ALTER TABLE `history` DISABLE KEYS */;
INSERT INTO `history` VALUES (2,1,0,1499088725154),(4,1,0,1499178900572),(1,1,0,1499088702638),(3,1,0,1499088766611),(7,2,3120166,1448069622000),(6,2,766623,1413104706000),(5,2,9211307,1414822847000),(2,2,1730010,1391990384000),(3,2,3532681,1459622976000),(1,2,1909178,1445965307000),(4,2,5842941,1403243505000),(8,2,888321,1429002504000),(3,3,1962167,1453762699000),(1,3,815867,1411150319000),(5,3,8034144,1470425036000),(6,3,10358419,1421049639000),(11,3,321336,1417734771000),(10,3,5527576,1452449104000),(4,3,2345273,1441711631000),(2,3,846972,1476594300000),(8,3,1528337,1455773701000),(12,3,5013154,1393691224000),(7,3,10069480,1403709131000),(9,3,8752670,1400306678000),(6,4,591763,1465949935000),(4,4,3116087,1449028877000),(12,4,3412392,1390280004000),(14,4,471317,1425575792000),(5,4,1369106,1410836050000),(11,4,503376,1400334563000),(10,4,1357596,1415094195000),(9,4,4220489,1482067507000),(16,4,1145193,1421832693000),(8,4,569854,1432000809000),(3,4,1437286,1475581550000),(13,4,3431379,1481532555000),(15,4,1056766,1481335111000),(7,4,617954,1453705988000),(2,4,222164,1415916206000),(1,4,2004679,1403528031000),(18,5,1808912,1455510348000),(1,5,421674,1458821329000),(11,5,3386000,1481139385000),(15,5,7681305,1449933662000),(14,5,2231125,1420787504000),(16,5,2139291,1401219811000),(12,5,2449667,1414802707000),(7,5,6129776,1481279550000),(17,5,2811248,1455105448000),(3,5,1023787,1434346466000),(8,5,11776193,1452774795000),(4,5,1206203,1469344049000),(9,5,1240532,1468020298000),(2,5,3450443,1402646604000),(20,5,16547,1472320683000),(10,5,10696640,1481025298000),(13,5,1365313,1468983606000),(5,5,596170,1469650460000),(19,5,278736,1441363934000),(6,5,3537335,1445764024000),(11,6,1888460,1428881980000),(16,6,175113,1406823558000),(20,6,1948633,1389628963000),(15,6,1432962,1465575142000),(9,6,2828416,1474648506000),(19,6,2169354,1418413615000),(21,6,236797,1456384930000),(6,6,3052231,1465147483000),(10,6,2814056,1411876872000),(14,6,524042,1425056128000),(24,6,1281614,1411817677000),(2,6,3119983,1445993264000),(8,6,1142068,1422221332000),(3,6,3804922,1438028430000),(22,6,862032,1405381710000),(13,6,5180777,1453309979000),(5,6,1123099,1443258972000),(17,6,562360,1411260366000),(12,6,2502099,1403303981000),(18,6,1507299,1414855304000),(4,6,3444517,1479426953000),(7,6,2947595,1452219230000),(23,6,8619850,1420150061000),(1,6,1045583,1436254039000),(26,7,584486,1460295926000),(25,7,753431,1417879091000),(1,7,1373795,1396020856000),(7,7,5014091,1447405485000),(21,7,1213825,1447547836000),(19,7,1895716,1431490639000),(27,7,2915524,1449550199000),(13,7,542402,1397200520000),(15,7,5413394,1411575879000),(20,7,3483512,1458280167000),(12,7,916954,1422434593000),(18,7,10462154,1396602550000),(24,7,8330226,1454921464000),(22,7,242573,1398916684000),(2,7,678090,1478705896000),(5,7,2043632,1462145729000),(6,7,1355215,1478481509000),(10,7,11914836,1470696691000),(16,7,3488978,1437624529000),(28,7,1881974,1406101946000),(4,7,4896902,1444881509000),(3,7,1731293,1466175890000),(14,7,1442066,1406071145000),(8,7,1562277,1469213733000),(17,7,1182467,1448583143000),(9,7,1311566,1456301959000),(23,7,1994892,1443129768000),(14,8,1889934,1419754039000),(18,8,244675,1476965052000),(24,8,2235272,1418509529000),(27,8,2379127,1473220786000),(11,8,3101801,1426864077000),(19,8,1033907,1472129140000),(25,8,3197946,1476388376000),(8,8,20080,1471336943000),(9,8,3085801,1476794571000),(31,8,2921401,1425322514000),(16,8,3049224,1449537333000),(3,8,2378126,1460266777000),(30,8,2545269,1441818048000),(1,8,506015,1419425802000),(26,8,1026826,1427027873000),(7,8,9647422,1393837145000),(17,8,237333,1460381884000),(20,8,10784538,1429038981000),(29,8,3208198,1404360408000),(15,8,955925,1396639660000),(28,8,1462048,1404791570000),(2,8,1622365,1393088652000),(4,8,3476317,1397330439000),(13,8,716703,1414376354000),(12,8,1708175,1413252192000),(5,8,1829439,1437231922000),(10,8,1897396,1426386704000),(6,8,401309,1472130605000),(22,8,880257,1409578159000),(32,8,24776,1460039101000),(32,9,588723,1418655778000),(28,9,6427615,1437277289000),(25,9,2907571,1420654568000),(4,9,123190,1417635253000),(6,9,2682878,1457047729000),(22,9,3214944,1458384393000),(26,9,2232584,1397646885000),(3,9,1330579,1409068692000),(33,9,1427853,1389655428000),(5,9,2420467,1446601755000),(13,9,2092543,1445521790000),(21,9,2091435,1475693757000),(11,9,11137773,1437911808000),(20,9,3037805,1408763299000),(14,9,502377,1454408787000),(8,9,2627140,1449801732000),(9,9,1630324,1433759014000),(24,9,2444983,1475014787000),(36,9,1860253,1463942837000),(15,9,837825,1427547366000),(23,9,1862068,1440220547000),(35,9,1065800,1407809150000),(29,9,1396456,1398188370000),(18,9,5259134,1412943052000),(10,9,473671,1455892582000),(2,9,96746,1435045857000),(31,9,3196686,1439504800000),(1,9,3153993,1473894391000),(12,9,1850688,1391460502000),(34,9,9956068,1464755965000),(7,9,994859,1459747571000),(16,9,7472079,1439509148000),(30,9,2487717,1469581732000),(6,10,11710585,1441780572000),(31,10,206124,1446362962000),(14,10,460513,1399729994000),(27,10,6859453,1455674423000),(34,10,1606892,1435778915000),(11,10,9611568,1397637126000),(7,10,635576,1434051693000),(3,10,2033032,1443244735000),(25,10,3986947,1468446176000),(18,10,34081,1467370075000),(28,10,3583789,1471326224000),(26,10,2919477,1413007531000),(38,10,944660,1459048624000),(17,10,258924,1425354038000),(1,10,3524564,1466630669000),(16,10,1858266,1398386817000),(4,10,3125534,1447006014000),(23,10,2322246,1456434512000),(40,10,379350,1416398755000),(9,10,2827004,1455403980000),(19,10,12417938,1477399292000),(30,10,1860322,1446597470000),(10,10,844185,1415753888000),(35,10,635097,1444772580000),(8,10,2332740,1392293699000),(15,10,1417414,1391510413000),(22,10,3470225,1404801801000),(37,10,1328239,1452843734000),(2,10,3564320,1446968849000),(20,10,1254454,1400874792000),(33,10,721286,1400303486000),(29,10,1996444,1420363612000),(12,10,292777,1398669045000),(13,10,1332804,1392577385000),(21,10,12332139,1412610893000),(32,10,3222827,1423148972000),(36,10,11880012,1443650873000),(38,1,0,1499089140267),(19,1,0,1499089535094),(41,1,0,1499089631093),(32,1,222380,1499089857430),(39,1,9193,1499091483707),(13,1,0,1499223178840),(36,1,0,1499178078550),(6,1,0,1499178455790),(14,1,0,1499179293190);
/*!40000 ALTER TABLE `history` ENABLE KEYS */;
UNLOCK TABLES;

--
-- Table structure for table `user`
--

DROP TABLE IF EXISTS `user`;
/*!40101 SET @saved_cs_client     = @@character_set_client */;
/*!40101 SET character_set_client = utf8 */;
CREATE TABLE `user` (
  `id` int(11) NOT NULL AUTO_INCREMENT,
  `password` varchar(255) DEFAULT NULL,
  `username` varchar(255) DEFAULT NULL,
  PRIMARY KEY (`id`)
) ENGINE=MyISAM AUTO_INCREMENT=10 DEFAULT CHARSET=utf8;
/*!40101 SET character_set_client = @saved_cs_client */;

--
-- Dumping data for table `user`
--

LOCK TABLES `user` WRITE;
/*!40000 ALTER TABLE `user` DISABLE KEYS */;
INSERT INTO `user` VALUES (1,'123456','Jack'),(2,'123456','Jerry'),(3,'123456','yyyy'),(4,'123456','jjss'),(5,'123456','sjsj'),(6,'123456','sfaklsa'),(7,'123456','sjmsajaj'),(8,'1234','sfdasklf'),(9,'12345','sfaslkkl');
/*!40000 ALTER TABLE `user` ENABLE KEYS */;
UNLOCK TABLES;
/*!40103 SET TIME_ZONE=@OLD_TIME_ZONE */;

/*!40101 SET SQL_MODE=@OLD_SQL_MODE */;
/*!40014 SET FOREIGN_KEY_CHECKS=@OLD_FOREIGN_KEY_CHECKS */;
/*!40014 SET UNIQUE_CHECKS=@OLD_UNIQUE_CHECKS */;
/*!40101 SET CHARACTER_SET_CLIENT=@OLD_CHARACTER_SET_CLIENT */;
/*!40101 SET CHARACTER_SET_RESULTS=@OLD_CHARACTER_SET_RESULTS */;
/*!40101 SET COLLATION_CONNECTION=@OLD_COLLATION_CONNECTION */;
/*!40111 SET SQL_NOTES=@OLD_SQL_NOTES */;

-- Dump completed on 2018-03-19 13:17:11
